galaxy,distance_mpc,n_points,short_curve_flag,r_max,r_mean,vobs_max,vobs_mean,vobs_std,vbar_max,vbar_mean,vgas_max,vdisk_max,vbul_max,err_mean,outer_to_inner_v_ratio,bar_to_obs_max_ratio,dm_proxy_max,dm_proxy_mean,inner_slope,outer_slope,log10_M200,log10_rs,chi2_red,low_point_fit,pred_log10_M200,pred_log10_rs
CamB,3.36,9,0,1.79,0.9233333333333332,20.1,10.876666666666665,5.527806476754089,13.84526633907777,11.104419184674757,8.64,15.9,0.0,2.0,3.7885462555066076,0.6888192208496403,15.65592060531734,3.3772295298376998,12.070154262887257,9.863000187670977,9.486098767535609,1.9999999998640687,3.389872730489676,False,2.0092265757194934,2.0092265757194934
D631-7,7.72,16,0,7.19,3.818125,58.5,43.038125,15.193964352149013,24.510016319864008,21.02532339115044,20.73,21.37,0.0,2.55875,3.3231181765945226,0.4189746379463933,55.1322505435793,36.04441827443647,16.659246919076356,-0.8148142112487332,11.94139557085288,1.9999999999999996,5.448621918790447,False,1.8690501978803846,1.8690501978803846
DDO064,6.8,14,0,2.98,1.3992857142857142,46.9,32.535,14.234557923789355,25.290333133432625,15.775618477753008,22.17,19.54,0.0,5.077857142857143,3.9005308745459626,0.5392395124399281,40.28645678140484,28.357252043777894,20.525388940018743,0.5555549382722909,12.234549370516758,2.0,0.5651649105214592,False,1.923368130572952,1.923368130572952
DDO154,4.04,12,0,5.92,3.2083333333333335,48.2,38.18333333333333,10.86353482476532,18.733780985161538,16.018127247173112,17.91,14.55,0.0,2.0,2.1944012441679623,0.3886676552938078,44.86512063953468,34.51471022819885,13.85134199233649,-1.2837829163628938,10.992973976160824,1.3406371149067131,1.7678256925039464,False,1.3745306179249905,1.3745306179249905
DDO161,7.5,31,0,13.37,6.387741935483871,67.5,49.25483870967741,17.424340385713638,35.34630390861257,28.970668064042215,33.38,26.01,0.0,2.7022580645161294,3.8906249999999996,0.5236489467942603,59.190116151262956,39.24091134121707,10.526288088715557,-0.3496501051397867,11.749432082735714,1.999999999999997,0.7861263695654771,False,1.9420737203009883,1.9420737203009883
DDO168,4.25,10,0,4.12,2.266,55.0,41.46,13.882305284065756,25.904295975764327,23.166953116389603,22.95,17.19,0.0,2.3499999999999996,2.3934911242603554,0.4709871995593514,48.58661955724024,33.697644187944775,17.23575834491192,-0.7317067221896557,12.176191405629597,2.0,5.3202947084122085,False,1.5683395614318616,1.5683395614318616
DDO170,15.4,8,0,12.33,7.098749999999999,62.2,52.25,10.931376857468596,30.221086181671236,25.68657517751634,27.6,19.94,0.0,2.125,1.4779771615008157,0.4858695527599877,56.001606673380365,45.461532761912494,6.227677181322059,0.8035712492028464,10.807284812150815,1.2110820647813545,1.1326740149741128,False,0.9938021648653681,0.9938021648653681
ESO079-G014,28.7,15,0,16.67,7.174,178.0,119.38666666666667,49.57863608002499,100.76512318257741,70.19947740486678,40.49,133.41,0.0,5.7186666666666675,3.854545454545454,0.5660961976549292,149.42561176050108,95.80378935121007,15.087712680827769,1.5936251805527524,12.576269504939956,1.833892445948256,3.807338204126466,False,1.8778123549804167,1.8778123549804167
ESO116-G012,13.0,15,0,9.86,4.727333333333334,112.0,86.74666666666667,28.248418638138936,52.3288839934505,43.87261724447034,35.49,66.32,0.0,3.134666666666667,2.9626334519572954,0.46722217851295095,101.64602599216558,74.43328606276896,29.374981640636477,1.3043472589794527,11.77856260444446,1.3810485288962404,2.338344442702222,False,1.527241941699726,1.527241941699726
ESO563-G021,60.8,30,0,42.41,18.994666666666664,321.0,263.31,87.77323567010617,200.91883149670164,159.1801897446132,63.33,283.33,0.0,9.091333333333333,6.2590879048248524,0.6259153629180737,281.20601336031206,207.64831259387867,37.49062266268814,-1.761252101516223,12.738326307219854,1.5917417312966553,20.63233847093204,False,1.5867903577083262,1.5867903577083262
F563-1,48.9,17,0,20.1,9.304705882352941,112.5,88.95294117647059,25.04967107091919,38.63234460914843,29.12815860843734,35.34,29.57,0.0,13.528235294117646,2.6275917065390746,0.34339861874798605,106.2374225496835,83.92664976164913,28.78945853186393,-1.17772994052892,11.496370519082634,1.2548253060439418,1.0693489481499825,False,1.1378360823462825,1.1378360823462825
F563-V2,59.7,10,0,10.47,4.898,118.0,86.15,36.89873304058013,48.67636952361998,31.629946389629673,39.57,45.06,0.0,18.232,3.355513307984791,0.41251160613237275,108.18767859603976,80.03540566522851,39.32201168247928,0.7662832313091067,11.990726414950418,1.436193841553946,1.2325506917610356,False,1.4288693638636767,1.4288693638636767
F568-1,90.7,12,0,13.23,5.818333333333334,142.0,100.88333333333333,37.36613514340967,59.124520294037055,35.540700702593675,47.41,49.96,0.0,12.481666666666667,3.124999999999999,0.41636986122561304,129.1057361235356,94.22233510070977,28.143928733360326,3.086419118020757,12.186944207862286,1.5549011277189289,0.8377618036268053,False,1.5527863563035234,1.5527863563035234
F568-3,82.4,18,0,17.98,6.6611111111111105,120.0,74.81666666666666,31.20310258790159,52.15391116685306,34.44313268229294,39.0,52.01,0.0,8.810555555555554,5.165165165165165,0.43461592639044216,108.07390781312573,66.19951339052585,18.345310542942062,3.1719527258843527,12.300056129006247,2.0,3.248639880710393,False,1.89889437353984,1.89889437353984
F568-V1,80.6,15,0,17.63,6.349333333333332,118.0,94.81333333333333,28.222942597980257,44.75253456509475,32.354712411683636,36.03,46.01,0.0,16.279999999999998,2.5753012048192776,0.37925876750080295,109.89709686793368,89.04198732715243,28.85105155274402,0.811123892106154,11.313361742824895,0.9037878662416884,0.2172246773658111,False,0.9310329961960238,0.9310329961960238
F571-8,53.3,13,0,15.55,5.492307692307692,144.0,94.16153846153846,39.34325352119644,81.10435777441307,59.265138612616596,11.8,114.45,0.0,5.123076923076923,3.9379699248120295,0.5632247067667575,138.10329159726788,66.73417993208304,26.872025179134983,2.4009600959231574,12.737716223113589,1.9999999999999996,20.20502833563124,False,2.040588407822747,2.040588407822747
F574-1,96.8,14,0,12.6,6.574285714285714,99.7,80.74285714285715,24.37521323820908,46.48352880322233,34.73630968084559,30.02,50.68,0.0,4.6,2.547008547008547,0.4662339900022299,88.71237540501325,72.77914379766597,21.134744278459475,0.6959704410364704,11.378853380674125,1.20162314639352,1.6437232626982576,False,1.2425275291866635,1.2425275291866635
F579-V1,89.5,14,0,15.16,6.460714285714286,114.0,100.55714285714285,19.956084438648002,58.19755450188608,45.52760544674988,33.04,73.73,0.0,11.82142857142857,1.604127579737336,0.5105048640516323,99.41723165528197,89.42429672968653,25.578501827065356,0.16666663888889352,10.986538968248883,0.6206217672007542,0.1897980749350772,False,0.6162784723224803,0.6162784723224803
F583-1,35.4,25,0,16.26,4.7336,86.9,53.263999999999996,24.43877050917251,41.35500634747866,19.063703080954223,39.55,26.17,0.0,7.516399999999999,7.291784702549577,0.4758919027327808,76.99188496198803,49.45083196971212,4.444437389781919,0.6626505225722262,11.516882341375856,1.4754119439793525,1.563371137337198,False,1.541983734871089,1.541983734871089
F583-4,53.3,12,0,7.29,4.041666666666667,69.9,51.23333333333334,17.584099509373676,31.153954002662324,24.6720100718148,15.33,39.23,0.0,4.949999999999999,2.7119784656796773,0.44569319030990445,62.991906622994044,44.86219129941449,18.604640346139334,5.547941405519592,11.345087890073152,1.438504814068161,0.1517128456936628,False,1.4694607470985668,1.4694607470985668
IC2574,3.91,34,0,10.23,5.544411764705882,67.5,43.47647058823529,16.439766329088055,32.023262638275945,21.634640500101952,27.17,27.39,0.0,3.6999999999999997,5.045454545454546,0.4744187057522362,59.42020405552307,37.64789473711749,9.651151568428409,1.764703806230817,11.67116352348379,1.999999999999995,3.0567473039777395,False,2.039924414063281,2.039924414063281
IC4202,100.4,32,0,25.9,12.807187500000001,250.0,219.71875,51.08690168171779,181.4475949137932,165.052625087108,61.24,214.9,176.92,7.3675,3.1929824561403506,0.7257903796551728,197.72273609779936,146.58733046767003,51.22879185220685,0.689654934601747,12.576610300730575,1.7028401535035198,40.17479681701754,False,1.706529044860953,1.706529044860953
KK98-251,6.8,15,0,3.13,1.48,34.6,21.583333333333332,10.048905523599185,20.254547637506,13.411281488667312,18.07,12.94,0.0,2.0,4.944309927360776,0.5853915502169365,28.08968938952512,16.88029919419783,16.428537900943063,1.4953257053030808,11.504013341491431,2.0,1.8974080270817637,False,1.9801268513310384,1.9801268513310384
NGC0024,7.3,29,0,11.27,2.5489655172413794,110.0,84.65862068965517,25.130562753436294,52.54158067664124,40.16071222250997,26.32,69.75,0.0,7.6162068965517244,3.846153846153846,0.47765073342401126,104.2925133938194,74.29349830638586,86.66640404119987,1.4285710884354554,11.00753037522946,0.6294030360803402,0.9312027327107414,False,0.6142659625123019,0.6142659625123019
NGC0055,2.11,21,0,13.5,7.365714285714286,87.4,72.25238095238095,17.897076618093884,50.18619381861908,44.2514186555848,40.44,48.0,0.0,3.957142857142857,2.376599634369287,0.5742127439201268,73.37754356749755,56.71271639208806,11.630428461723664,0.1630433896503302,12.07344244743792,2.0,1.7652538371741713,False,1.7563584886576034,1.7563584886576034
NGC0100,13.5,21,0,9.62,4.937619047619048,91.2,67.34333333333333,23.58879946749008,40.745356790682294,34.127057782131786,21.63,55.1,0.0,5.564285714285715,4.524327035612774,0.4467692630557269,83.93316329079943,57.297043698612114,26.389686478171708,3.135590563058848,12.370202956151871,1.999999999999989,0.7879980298913574,False,1.8510519727604566,1.8510519727604566
NGC0247,3.7,26,0,14.54,7.8053846153846145,108.0,85.17307692307692,19.707116201871923,53.08517966438467,41.87842729674476,37.01,55.46,0.0,5.234615384615385,2.281449893390192,0.4915294413368951,95.97163174605296,74.12592692055713,18.395050373425697,1.226993112274165,11.427317606625,1.3062091274853989,0.867234508849513,False,1.4221789300785492,1.4221789300785492
NGC0289,20.8,28,0,71.12,31.7475,194.0,173.03571428571428,9.503691549141548,160.25189437257833,105.58246664274532,68.67,226.49,0.0,11.59,0.9174484052532833,0.8260406926421564,157.60058962453155,132.26554799653323,7.446805869926996,0.7675437754886207,11.823649735440794,1.2891653926384652,1.952593722841284,False,1.4008052106520206,1.4008052106520206
NGC0300,2.08,25,0,11.8,6.3532,97.0,80.664,16.35332088598521,41.86990983988382,36.05007460693952,28.23,50.65,0.0,6.484,2.0852655198204935,0.43164855505034866,89.12260291306578,71.93240738729119,18.897044928643435,-0.9629622496575898,11.465121575459014,1.2964747668948875,0.6403682609079109,False,1.1831652186023653,1.1831652186023653
NGC0801,80.7,13,0,59.82,22.513846153846153,238.0,207.46153846153845,33.09802546891323,199.22424024199466,161.00563189111423,66.89,281.54,0.0,5.2846153846153845,1.374468085106383,0.8370766396722464,172.23973365631983,122.60546563441342,67.30764916176336,-0.1423149837611488,11.992601457831924,1.4481594092927732,7.633853288292304,False,1.4554607030544162,1.4554607030544162
NGC0891,9.91,18,0,17.11,9.248333333333335,234.0,219.44444444444446,9.256962678151584,265.080403425074,198.37290877767606,49.33,325.09,254.98,4.495,0.993730407523511,1.1328222368592906,147.3756173184696,90.0338397189891,-3.3846143431955866,-3.3210319848590473,12.765180524636376,1.9999999999985592,19.06599758316578,False,2.0344033921568587,2.0344033921568587
NGC1003,11.4,36,0,30.24,15.749444444444448,115.0,99.03055555555555,14.871744638079518,59.349251469584686,45.32288791171736,37.45,79.57,0.0,2.977777777777778,1.9090398652442446,0.516080447561606,107.2996439882258,86.67525434653164,12.338704702135198,0.3984062157744163,11.56737492169036,1.4489694618961584,2.1453969188067914,False,1.4106010091873804,1.4106010091873804
NGC1090,37.0,24,0,30.09,15.198333333333332,176.0,149.9958333333333,38.27498616553927,121.39243942684405,101.45992822386994,52.53,171.87,0.0,4.551666666666667,2.9530201342281885,0.6897297694707049,133.38172251099473,107.91502514892174,30.776110216086497,-0.5319147521503317,11.723428076136086,1.301613833733473,2.418029290449595,False,1.4128180613386556,1.4128180613386556
NGC1705,5.73,14,0,6.0,3.1107142857142853,73.2,69.64999999999999,5.97276557144415,35.42210679787412,25.549913849566387,17.38,44.88,0.0,5.7492857142857146,1.1612554112554112,0.483908562812488,69.06261072389314,64.45484643313908,17.293220080285653,0.0,10.279005733812893,0.1484743994323866,0.1133465227051281,False,0.20998402752581044,0.20998402752581044
NGC2366,3.27,26,0,6.06,3.090384615384615,53.7,40.492692307692316,14.476448660787021,28.56495930331426,23.235237966965915,26.69,23.33,0.0,2.786153846153846,5.13317191283293,0.5319359274360197,45.90031209044227,33.0083190904399,19.99997183102559,1.2676038484452818,11.664223279481382,1.785368014372126,2.5952994759269967,False,1.8167679864378723,1.8167679864378723
NGC2403,3.16,73,0,20.87,7.00904109589041,136.0,107.99726027397259,26.276501156772117,75.84522430581902,63.09385799335452,46.95,106.73,0.0,2.862054794520548,3.932038834951456,0.5576854728369045,125.67745163711747,85.80026620287138,91.66636111212962,0.0,11.573481018769998,1.1642170443508375,2.207498296267221,False,1.1837467217159374,1.1837467217159374
NGC2683,9.81,11,0,34.62,18.099090909090908,212.0,177.63636363636363,21.68062699224493,171.89817311420154,115.84846674819472,25.8,229.24,89.57,9.0,0.7677100494233937,0.8108404392179318,155.65705290798743,131.4119735723273,1.2716761535634509,0.08665510514253856,11.485105526469347,0.8312797508294595,0.8486459421299909,False,0.8994378638532641,0.8994378638532641
NGC2841,14.1,50,0,63.64,23.2606,323.0,301.42,16.753614535377135,231.30419386599974,174.9009339277986,68.98,245.8,239.5,7.6701999999999995,0.9830508474576272,0.7161120553126927,273.2236823190845,241.19512032481046,20.38832972006824,0.958466300564489,12.254056651184303,1.0595694993366132,3.340216197835549,False,1.0652628536322721,1.0652628536322721
NGC2903,6.6,34,0,24.96,10.36235294117647,216.0,182.7058823529412,37.24207725596278,213.1090344166572,143.44850088903968,37.86,300.53,0.0,4.176470588235294,2.2838983050847457,0.9866159000771167,157.2646824624016,103.4903733501066,108.33322048622865,0.6944442033179843,11.97994216891238,1.3471761714418888,13.025141782276494,False,1.3618904573215127,1.3618904573215127
NGC2915,4.06,30,0,10.04,5.186666666666666,86.5,74.11666666666669,17.741478392613047,35.39985451947508,25.218025992003806,19.9,48.88,0.0,8.064333333333332,3.2197253433208486,0.40924687305751534,83.34843699794256,67.98977841149106,36.999963000037006,1.7821764532906381,10.867857500939284,0.7342642794352267,0.9567971378468104,False,0.9523254832967907,0.9523254832967907
NGC2955,97.9,24,0,35.43,12.25125,276.0,252.125,24.244092923156902,252.59988169039192,218.39846668408487,79.95,258.51,252.3,8.71375,1.2069536423841059,0.9152169626463476,183.33128219155617,110.69009750565071,37.66232135830244,-2.822201051533298,12.647433420451092,1.9605048401283935,4.529663338109523,False,2.053537660740216,2.053537660740216
NGC2976,3.58,27,0,2.27,1.0366666666666666,88.7,51.159259259259265,24.73254355221909,64.20776393863908,38.964740290686024,30.15,80.17,0.0,3.5051851851851854,8.511551155115514,0.7238755799170132,64.2492855991411,32.78422345982937,64.999675001625,3.2075411178469526,12.568303835575138,2.0,1.9414401039462983,False,1.8870130257916455,1.8870130257916455
NGC2998,68.1,13,0,42.28,16.07230769230769,214.0,187.07692307692307,38.97427462878862,157.5831012513715,116.80180958486723,66.04,221.58,0.0,8.76923076923077,1.7327823691460054,0.7363696320157547,176.78367345430968,144.6722337900715,38.961022094795624,-0.741239842234512,11.941514939368467,1.235796129557267,2.4559014382219533,False,1.2114428195166058,1.2114428195166058
NGC3109,1.33,25,0,6.45,3.3531999999999997,67.3,45.764,18.485754082536097,21.72169537582184,16.488376792082924,19.43,15.34,0.0,2.9120000000000004,6.20496894409938,0.32275921806570346,63.81935208069728,42.64389653336087,16.883094957019537,0.897434746878533,12.187908950835409,1.9999999999999976,3.742959144488903,False,2.055743912528386,2.055743912528386
NGC3198,13.8,43,0,44.08,13.886279069767442,157.0,125.67209302325581,35.359859817552,101.32139014048316,77.00667746511613,48.93,142.32,0.0,5.122790697674419,3.9664310954063606,0.6453591728693195,134.6979465322319,96.61209822954406,35.52079633250382,0.0,11.649113672652488,1.195747269225378,1.284892348171455,False,1.184671543205995,1.184671543205995
NGC3521,7.7,41,0,17.74,4.714390243902439,220.0,207.4390243902439,15.796030344929758,200.33238030832658,178.201499504157,45.95,282.78,0.0,13.492439024390245,1.2848232848232848,0.9106017286742117,172.60415667068972,101.17385607291433,86.53829511866323,-0.5997000600149837,12.20647796010096,1.4464929861925946,0.3268186153456091,False,1.5005727875792245,1.5005727875792245
NGC3726,18.0,12,0,32.52,15.790833333333332,169.0,151.83333333333334,19.243324961023642,131.37995128633594,109.46851822326529,53.13,182.72,0.0,6.870833333333334,1.3548387096774193,0.7773961614576091,146.6809080964527,99.2074452788998,11.877392360652802,0.8806261369250353,12.390339258541369,2.0,2.061024156658765,False,1.5805089695108163,1.5805089695108163
NGC3741,3.21,21,0,7.0,3.0685714285714285,51.6,36.180952380952384,11.276254826071213,14.276288032958707,12.239330015769553,13.86,13.88,0.0,2.301904761904762,2.812962962962963,0.27667224870075013,49.759768890138545,33.88726403297303,18.714258979630024,1.1510783085767577,11.101480217701544,1.4006629049448989,0.3440786495410493,False,1.5725079225317316,1.5725079225317316
NGC3769,18.0,12,0,37.16,15.345,126.0,115.875,10.087378665110839,98.80884626388469,71.12204866835957,36.96,136.2,0.0,7.800000000000001,1.1373182552504038,0.7841971925705135,110.54900406607017,84.74589381724793,7.156487183876491,-0.44798404937859393,11.455851983463855,1.2251545155402543,1.105330373057888,False,1.222625958417533,1.222625958417533
NGC3877,18.0,13,0,11.35,6.108461538461539,171.0,144.06923076923078,39.680054757549534,145.66874029797881,117.85834390390636,30.28,201.7,0.0,6.376923076923077,2.1347844286312267,0.8518639783507533,113.31868601426686,82.24804987471552,39.61975679857156,-0.7604559846174966,11.135322360200092,0.8155110914532584,5.633602576598696,False,0.8974149027493472,0.8974149027493472
NGC3893,18.0,10,0,19.05,10.197,194.0,178.6,13.68356678647786,152.06377099756534,125.20001351961992,48.28,211.51,0.0,8.46,1.0175438596491229,0.7838338711214708,148.74169405381934,120.50144396469327,8.587784620651789,-3.3726807128700305,11.873163263510628,1.2421439802334089,1.1087409370236163,False,1.3132265819976499,1.3132265819976499
NGC3917,18.0,17,0,14.86,7.854117647058824,138.0,114.8529411764706,33.39447149819261,80.95769358127738,66.84935327070791,32.87,109.28,0.0,4.211764705882352,2.793220338983051,0.5866499534875173,117.6982739890437,92.57241295562937,29.163487010080985,0.0,11.904533847027237,1.455364916277408,4.277513088576658,False,1.438921639488523,1.438921639488523
NGC3953,18.0,8,0,15.68,9.59,224.0,213.625,14.03511221900274,176.02868573047974,164.04854221735349,37.5,247.46,0.0,6.65,1.1033333333333333,0.7858423470110703,147.0771165069536,136.700823178367,8.045975470119641,-1.7274468853268936,11.52804035152604,0.8557721202572822,0.2671139804860551,False,0.964516756736387,0.964516756736387
NGC3972,18.0,10,0,8.72,4.7989999999999995,134.0,105.1,28.86246697702745,79.20757034526434,63.33815765404074,30.6,106.44,0.0,5.01,1.9702970297029703,0.591101271233316,113.05746790902404,83.38707997307131,23.726226720065885,4.214557772200086,12.4233076440018,1.7605908022758765,1.1451672211827708,False,1.6482947852277616,1.6482947852277616
NGC3992,23.7,9,0,46.02,27.56222222222222,272.0,253.66666666666666,13.123346456686352,174.8140879620404,148.92355895873135,52.31,246.64,0.0,6.4222222222222225,0.9209183673469388,0.6426988528016191,213.4139467092064,204.5847355904005,1.6727271510743889,-0.35945360464028714,12.04171277707031,1.060949984534865,0.4151638472968258,False,1.0247900686356954,1.0247900686356954
NGC4010,18.0,12,0,10.47,5.671666666666667,129.0,98.8,30.01432991089423,77.65201414000799,66.24004815720939,36.53,99.28,0.0,5.458333333333333,2.3400250941028857,0.601953597984558,103.01050771644609,71.78202334996367,16.95816845697017,-2.671754705437134,12.565581554833685,2.0,2.328256705674581,False,1.8355063270159435,1.8355063270159435
NGC4013,18.0,36,0,31.01,18.24222222222222,198.0,178.41666666666666,10.58661366485473,166.75022479744968,116.51927446988303,32.98,205.95,108.11,5.694444444444445,0.889267461669506,0.8421728525123721,158.45563962825685,131.21277592095703,-1.3636357438019344,-4.524884830368853,12.189554409705185,1.6732426362453725,0.9939113637266296,False,1.6239785947094232,1.6239785947094232
NGC4088,18.0,12,0,21.48,11.386666666666668,182.0,162.15833333333333,25.9697085830567,189.42448284210784,147.2919365541093,54.74,264.14,0.0,7.508333333333332,1.3319404544267432,1.0407938617698234,127.0235206566091,59.41601599313436,17.958011840074075,1.034482580261624,12.158007077465616,1.9999999999971685,2.979255679172609,False,2.1161838739161194,2.1161838739161194
NGC4100,18.0,24,0,22.76,12.664583333333333,195.0,175.29166666666666,17.711764373495438,147.98603329368618,110.05501023824415,38.9,207.03,0.0,6.270833333333333,1.0894495412844036,0.7589027348394163,150.46476879987554,135.45913218095083,23.57413552314238,0.3745316949319492,11.520095304265686,0.8517236644685362,0.8579933026966448,False,0.7743593943045184,0.7743593943045184
NGC4157,18.0,17,0,29.61,15.681764705882351,201.0,180.78823529411764,23.051601510088854,182.02349285188438,136.84986660238752,52.27,251.02,70.64,8.52941176470588,1.2460709474629545,0.9055895166760417,156.16355999400116,108.65686823393439,19.961828251559492,-0.19157084452665818,12.550879138754215,2.0,0.4730736708253751,False,1.689639695841116,1.689639695841116
NGC4183,18.0,23,0,21.02,10.636956521739132,115.0,101.89999999999999,16.874137659125886,66.98037735038524,54.416391983886626,41.81,80.37,0.0,5.960869565217393,1.7715494447382338,0.5824380639163934,101.36996128045033,85.9973556636116,14.67680050311768,1.2738849446226288,11.138187686183857,0.926049557192421,0.1693101214391364,False,1.0762818228448037,1.0762818228448037
NGC4214,2.87,14,0,5.63,2.9221428571428576,80.6,75.22142857142856,7.79351182270305,43.786930698554336,33.13161834156124,16.91,57.12,0.0,6.63357142857143,1.3038316243928763,0.5432621674758603,76.45696273067612,66.83188510992207,11.99999040000768,0.39999968000025604,10.597358512170231,0.4520754891197679,0.6709280259458251,False,0.48228774410801617,0.48228774410801617
NGC4217,18.0,19,0,16.72,8.73842105263158,191.0,168.6157894736842,35.28876760547998,234.50096667178153,170.0047114934425,33.95,114.52,273.94,7.1078947368421055,1.8175606422958663,1.2277537522082802,125.6847030071679,60.32964363508064,44.18249270627654,-0.3597121008229854,12.299219385738215,2.0,38.63798564926353,False,2.013276562050842,2.013276562050842
NGC4559,9.0,32,0,20.97,10.8003125,124.0,110.490625,18.882322410375664,83.96664635437097,73.53873837308254,52.11,116.44,0.0,5.450312500000001,1.9856591285162712,0.6771503738255723,101.66820864950853,80.98930544030488,20.71793809336508,-1.5384607495073086,11.597399635928518,1.407256376296837,0.3903955191660355,False,1.4336449138884086,1.4336449138884086
NGC5005,16.9,18,0,11.47,5.324999999999999,265.0,252.27777777777777,15.715546285819288,257.5937900649005,232.25415672333136,75.6,284.24,272.92,21.237222222222222,1.1818181818181819,0.9720520379807565,172.12825866196403,86.28185615331076,15.540530040182407,0.0,12.94656696658444,2.0,0.7531692585629459,False,1.9963025092780833,1.9963025092780833
NGC5033,15.7,22,0,44.59,21.162727272727274,225.0,211.54545454545453,11.59830423626768,241.6282074800043,140.97813797734028,58.35,237.47,277.3,4.590909090909091,0.9065420560747663,1.0739031443555747,185.3044962487419,144.5043638322016,3.9387299915251655,0.43731772050762047,11.896659712233538,1.109381227752996,5.409547151296385,False,1.2894382126795316,1.2894382126795316
NGC5055,9.9,28,0,54.59,20.879642857142862,206.0,187.25,17.039083224835107,198.71293692158045,148.039085406655,47.26,280.74,0.0,3.818214285714286,1.1290322580645162,0.9646259073863128,152.7976176188621,92.331304981823,31.627892266096612,-0.8073816831162994,12.246906439213916,1.858266641659468,11.413242374233294,False,1.74976576108559,1.74976576108559
NGC5371,39.7,19,0,46.24,21.353157894736842,242.0,221.3684210526316,12.15778081514182,213.76744501911418,177.97788819239634,57.81,299.81,0.0,4.105263157894737,0.9736842105263157,0.883336549665761,163.50169127565624,129.31476634272977,-0.46189365776127994,0.5707761905506629,11.494015829448948,0.9500601532625108,8.818924911621279,False,1.2552856309399119,1.2552856309399119
NGC5585,7.06,24,0,10.96,4.152083333333334,92.3,62.1875,25.934055996250695,44.82479893987256,36.70346745712609,32.77,58.16,0.0,2.5416666666666665,3.7801120448179266,0.4856424587201794,81.93827890552741,48.4413629151447,42.15678008474494,-1.4077663069095552,12.33219721611058,1.999999999999964,4.328389222917906,False,1.7996876920426936,1.7996876920426936
NGC5907,17.3,19,0,50.33,27.680000000000003,235.0,221.57894736842104,7.916111415625625,165.48979711752625,135.90728819206768,64.96,232.81,0.0,3.5789473684210527,0.9656203288490285,0.7042119026277713,187.10901180862453,174.1101902823468,2.7814565852375384,-0.26490062716547996,11.906498609218874,1.1235972216405896,5.709898465998511,False,1.1728604408295555,1.1728604408295555
NGC5985,39.7,33,0,34.72,16.082121212121212,305.0,285.45454545454544,19.450155267886775,164.99602358844894,149.43377475114718,47.57,222.33,111.1,6.094242424242425,1.2339514978601998,0.5409705691424556,261.4822561475252,243.02663369680144,15.909083677689235,-1.368300870205146,12.10923977429422,0.9011873295185252,2.628967148574233,False,0.8014415774866237,0.8014415774866237
NGC6015,17.0,44,0,29.23,12.398636363636363,166.0,143.21818181818182,26.841201984392242,106.25711340893842,81.14879471408113,48.44,149.97,0.0,4.009090909090909,2.4443266171792146,0.6401030928249303,148.0123724558187,116.68695454599451,69.89788785929811,-1.6326523948357576,11.48573411061944,0.9166175130154576,6.809167683192944,False,0.9704087591816499,0.9704087591816499
NGC6195,127.8,23,0,36.43,14.176086956521742,258.0,243.08695652173913,16.02691498014257,235.76683880478188,219.62949871622754,69.27,241.54,258.69,7.274347826086955,1.1305007587253415,0.9138249566076817,174.04070127415596,94.94111712884519,22.259128817565177,-0.9633910439893023,12.52489260407721,2.0,2.6344702767009616,False,1.942699753774007,1.942699753774007
NGC6503,6.26,31,0,23.5,12.140967741935484,121.0,114.29032258064517,7.633515016612266,101.32898499442298,60.153050426727255,28.74,142.64,0.0,2.7096774193548385,1.2125435540069687,0.8374296280530825,109.65476300644674,94.7163823094026,17.982448253312167,-0.4524884830368853,11.295733277361276,1.0039516481547657,1.7402244859962048,False,0.9555223097043257,0.9555223097043257
NGC6674,51.2,15,0,72.41,37.467333333333336,291.0,249.93333333333334,20.914003814563,177.58396022726825,133.35505156536752,51.01,234.07,171.6,8.266666666666667,0.9335038363171355,0.610254158856592,230.5318569525696,209.00245137975904,4.548494679030457,0.0,12.199587420563612,1.2846814389205372,13.605041710160789,False,1.2275726798401172,1.2275726798401172
NGC6946,5.52,58,0,20.4,10.275517241379308,181.0,163.29310344827587,14.595711014670755,195.84783846139328,127.42562130472557,46.53,204.89,233.17,6.293103448275862,1.1338199513381997,1.0820322566927805,128.05479909007707,96.67319940485832,-18.446584032442686,-3.5398198762655997,12.155371425217693,1.6406847752352214,2.432434695598018,False,1.663705338285604,1.663705338285604
NGC7331,14.7,36,0,36.31,18.055555555555557,257.0,241.86111111111111,8.100592494714945,275.8196327856304,199.81174422594486,64.56,371.23,136.84,5.138888888888889,1.0127298444130128,1.0732281431347486,197.35736322721786,117.78059683939438,18.124988671882086,-0.31645559605835527,12.71091318844303,1.999999999999996,7.580002702113791,False,1.8167037020484615,1.8167037020484615
NGC7793,3.61,46,0,7.87,2.3147826086956518,116.0,74.45652173913044,30.437445846207787,72.46758758231158,52.30316696685865,34.75,96.64,0.0,6.934782608695653,6.223913043478261,0.6247205826061343,92.27985533148609,52.25108197560627,156.99843001569985,-9.044580226382022,11.047367504954387,0.8958102804064197,0.8918180375805648,False,0.8718225976396556,0.8718225976396556
NGC7814,14.4,18,0,19.53,10.065,265.0,224.61111111111111,13.544736119364226,290.19125732867974,162.09863932335102,23.44,122.96,345.22,5.610555555555556,0.8582887700534759,1.0950613484101122,185.7477350602155,138.64933606632385,-10.670728454046202,0.0,12.067133212038543,1.2436059272679394,1.224356642888791,False,1.1722392685540262,1.1722392685540262
UGC00128,64.5,22,0,53.75,27.512727272727272,134.0,118.42727272727274,22.581734006577122,55.394017727548885,45.67933522374704,45.1,57.75,0.0,3.325909090909091,1.8433619866284623,0.41338819199663346,125.84348890586274,109.13024730959077,9.840211738986454,-1.2048191158207344,11.569938399746134,1.2498378446624592,1.327129335790061,False,1.1926497360647312,1.1926497360647312
UGC00191,17.1,9,0,9.98,3.3666666666666667,83.85,58.977777777777774,19.044365032895502,42.188823757009395,28.896963376875654,33.72,41.54,0.0,2.735555555555555,2.1835443037974684,0.503146377543344,73.37371668383713,51.337110960524676,26.53329795560272,1.634114370558024,10.921724498042524,0.9396633852954436,2.5851031892343066,False,1.1325451757366796,1.1325451757366796
UGC00731,12.5,12,0,10.91,5.91,74.0,61.783333333333324,13.551127464368253,37.18500302541335,23.916791572815043,36.0,14.91,0.0,2.796666666666667,1.7792937399678974,0.5025000408839642,64.54523839912592,56.53434864569267,9.963366313785231,0.18382346182960957,10.782557381745155,0.914918970285098,0.3395913776968745,False,1.0950748457542643,1.0950748457542643
UGC01230,53.7,11,0,36.54,13.69272727272727,113.0,91.88181818181819,27.28885280848768,53.87169340200845,41.40505396180468,46.59,52.95,0.0,11.372727272727273,1.8998167379352475,0.476740649575296,101.15268632122431,81.72580908677403,18.12765571752006,-0.461041933561921,11.196275135014709,0.9874408786146756,1.090385998077415,False,1.271941699672672,1.271941699672672
UGC01281,5.27,25,0,4.99,2.072,56.9,34.4312,17.60458515728218,24.182184558058438,14.72862717878717,20.46,20.02,0.0,4.8948,12.44477172312224,0.42499445620489346,51.50564969010681,31.089427257431712,20.847780765693987,1.6379296224744622,12.129995468330158,1.9999999999999911,1.1058840194958175,False,1.9810029889544851,1.9810029889544851
UGC02259,10.5,8,0,8.14,4.58125,90.0,79.8375,10.47090462901845,36.91972982024652,31.957655450719898,26.68,42.21,0.0,2.4625000000000004,1.2712842712842713,0.4102192202249614,82.92376709966811,73.11356010208081,8.754095490460493,2.065573093254722,10.746958840618012,0.5897195216015229,0.4941403429038253,False,0.524801286401952,0.524801286401952
UGC02455,6.92,8,0,4.03,2.26375,61.0,37.375,13.936440542692385,57.14409549551029,51.54865807748796,29.76,77.99,0.0,3.64,2.2884057971014493,0.9367884507460704,26.581217993162014,3.3226522491452517,10.662244594540006,14.50330165344261,9.000000000617533,1.999999999815711,31.917065259842943,False,2.0916959731220297,2.0916959731220297
UGC02487,69.1,17,0,80.38,41.086470588235294,383.0,355.05882352941177,20.734939504685702,251.55695255746758,189.28158962886405,46.48,272.35,207.88,7.0052941176470584,0.878975265017668,0.6568066646409075,323.6818734961845,297.6751688208873,-1.945524913322001,0.2654279850412752,12.475133406430112,1.0998850825358186,4.394700529758328,False,1.176195572050296,1.176195572050296
UGC02885,80.6,19,0,74.07,38.26947368421052,305.0,285.8421052631579,13.311107976718807,231.79776092533766,176.5052562151584,86.26,244.9,265.84,10.0,1.0929095354523226,0.7599926587715988,260.1536063943762,220.57110291751542,-2.840434182085699,0.0,12.57682242159134,1.63710492049415,2.5992315444362704,False,1.5620658146501905,1.5620658146501905
UGC02916,65.4,43,0,38.0,10.053023255813953,218.0,208.72093023255815,9.810591290042044,237.94859938650615,182.43247147877537,79.67,116.15,280.2,8.274418604651164,0.9383561643835616,1.0915073366353494,157.42878050089826,88.05064195457207,25.225202499817573,-1.5839491463622868,12.61938064689622,1.999999999995492,35.14292923403904,False,1.9507153639429882,1.9507153639429882
UGC02953,16.5,115,0,62.39,14.99617391304348,319.0,273.8608695652174,28.279624545973867,247.64523472096127,204.9062142755216,34.91,309.73,259.74,6.998956521739132,1.1500721500721502,0.7763173502224491,252.08416140249668,158.38888645738822,0.0,0.8321774157867661,12.222045905811518,1.1794724216779378,4.496065576119169,False,1.2057540197702645,1.2057540197702645
UGC03205,50.0,48,0,40.04,11.525833333333333,237.0,215.125,28.64118901745061,173.9950696715283,147.8840878397808,55.53,216.57,173.79,7.588333333333334,1.792817679558011,0.7341564121161532,199.72808195143716,151.5163554760651,45.04500446395995,1.0928960753282264,11.820353684430868,0.9906091626569888,3.99141411725494,False,1.1165496171697344,1.1165496171697344
UGC03546,28.7,30,0,29.23,8.833,262.0,212.0,18.726095873584185,330.9007334836234,197.0886646671096,34.96,214.79,389.26,15.714000000000002,0.7622841965471447,1.2629798987924559,167.41592943922632,67.45068597188703,-58.33321180580873,0.1203369289606584,12.04803292642806,1.4331492631866507,3.074561107507588,False,1.46397578730247,1.46397578730247
UGC03580,20.7,47,0,27.06,6.194255319148936,131.0,91.70212765957447,21.021695878323527,97.26027991939978,78.8846335309741,40.18,94.1,101.52,5.33872340425532,2.0,0.7424448848809143,118.41509878389664,41.28156105533915,43.99987428607344,-0.5376343363394711,12.295093336724086,2.0,28.510407752007485,False,1.8642248201618494,1.8642248201618494
UGC04278,9.51,25,0,6.69,3.4596,92.8,56.8812,24.42860623449484,46.033316195990054,24.33333761061285,39.02,35.38,0.0,6.0451999999999995,6.091494559182768,0.49604866590506524,80.87094781193058,51.196022032119046,32.373454971741,7.831315865884498,12.42049690591467,2.0,1.4622486746389227,False,2.053968556282552,2.053968556282552
UGC04305,3.45,22,0,5.52,2.88590909090909,37.3,30.085,8.617687809489166,33.86760989500144,26.034272605958066,27.3,34.11,0.0,3.5599999999999996,3.29804299005454,0.9079788175603605,29.528447300865647,12.310009689565483,26.039965280046292,-3.0666625777832257,9.000000000000002,0.4197025249913143,2.0366305000293474,False,0.5894770696332683,0.5894770696332683
UGC04325,9.6,8,0,5.59,3.1425,92.7,81.05,16.721243972862784,44.01827120639791,35.506577076767854,29.25,50.1,0.0,3.0524999999999998,1.4231166150670793,0.4748465070808836,81.58236206435801,72.72537974084223,22.679414985925845,0.6666663492065031,10.845707020796372,0.621282979079349,2.868046345488297,False,0.667101656723033,0.667101656723033
UGC04483,3.34,8,0,1.21,0.64625,24.3,18.27625,6.477765697947094,13.372875532210715,10.54792092729624,12.36,9.95,0.0,2.1275,2.149954832881662,0.5503240959757496,20.42903448526141,14.889368660501248,32.02034281562692,7.0833185764196305,10.223271902393329,0.9321178934809844,0.3997186620197749,False,0.942483246933028,0.942483246933028
UGC04499,12.5,9,0,8.18,4.546666666666666,74.3,60.888888888888886,15.235517308392287,39.87276514113361,33.66475628257197,32.26,38.25,0.0,2.948888888888889,1.7205308352849336,0.5366455604459437,62.69491685934355,50.49408807277342,13.235289251731894,1.3553108588604925,11.04476009777114,1.1646949154823505,1.0445922938192382,False,1.1466844271521741,1.1466844271521741
UGC05005,53.7,11,0,28.61,11.69818181818182,100.0,69.67272727272729,27.830659708938104,43.08011838423846,34.720510977344205,39.02,44.43,0.0,12.873636363636365,3.1191222570532915,0.4308011838423846,90.4795438206891,59.95396735508053,9.296373284355377,0.18796990714568543,11.961485874637566,2.0,0.2183092297571472,False,1.8261382872466219,1.8261382872466219
UGC05253,22.9,73,0,53.29,9.714657534246573,248.0,241.78082191780823,9.429255807213831,238.23601927500383,204.3685625434421,47.82,183.56,280.44,6.004794520547945,0.9198855507868384,0.9606291099798542,200.79786390796093,111.06371056529343,7.894716066536668,0.8008007206405684,12.240311284460914,1.449433067273783,5.2072730675203855,False,1.4370032947174662,1.4370032947174662
UGC05716,21.3,12,0,12.37,6.713333333333335,74.7,64.44166666666668,11.015497290433855,31.570519476245558,26.37381212708028,29.43,27.59,0.0,2.1791666666666667,1.5361004534356468,0.4226307828145322,68.54926038988313,58.78684888200644,6.5161269302816365,0.5016179606414357,10.807891529518054,0.9328994406189696,0.3680749210566047,False,0.8227256948150818,0.8227256948150818
UGC05721,6.18,23,0,6.74,2.711304347826087,82.6,70.33478260869565,16.732644706255627,34.75684968463051,29.323622051995446,24.78,44.14,0.0,5.34478260869565,2.314453125,0.42078510514080525,76.47429077801245,63.53806527221544,72.22208847761392,0.8823522923880223,10.565278776287816,0.3998071125036666,0.963692309868266,False,0.2981660474566623,0.2981660474566623
UGC05750,58.7,11,0,22.85,6.793636363636364,78.9,48.7,24.648252750172038,41.4579111871305,24.867837612941017,36.96,42.63,0.0,8.536363636363637,4.912393162393163,0.5254488109902471,68.5941130855994,41.578859778513184,10.82236486106419,0.7204802721494155,11.623919212958867,1.8229876632197892,1.004928690458281,False,1.87628478804071,1.87628478804071
UGC05764,7.47,10,0,3.62,1.9930000000000003,55.8,45.769999999999996,10.623516367003912,22.218377528523547,16.64478372730425,20.71,11.44,0.0,2.142,1.6352567496029642,0.3981788087549023,51.45067880990493,42.546505983132135,24.67887644139777,-5.462957904668605,10.316378699469134,0.5320964034817643,2.986812579331418,False,0.5999776921326228,0.5999776921326228
UGC05829,8.64,11,0,6.91,3.7709090909090914,68.6,46.36363636363637,15.991774745291162,37.43390041125824,22.222813170702537,34.59,21.39,0.0,5.0600000000000005,2.5611038107752955,0.5456836794644059,57.48619921337641,40.444413837410295,12.698405979679373,5.851060717520892,12.029248757846114,2.0,0.0860692630086275,False,1.9426027763869933,1.9426027763869933
UGC05918,7.66,8,0,4.46,2.5075,44.5,35.2875,8.64876255599609,19.715917427297164,13.919083950551144,15.66,17.86,0.0,3.93,1.6491002570694089,0.44305432420892504,39.89401709529889,32.37695854948818,11.676639714587,2.814369572233791,10.355257617148023,0.8613691853816844,0.1464207139191722,False,1.0808581591498485,1.0808581591498485
UGC05986,8.63,15,0,9.41,5.021333333333333,116.0,96.74,26.018321749618412,56.037345136970934,45.866403099943746,27.79,71.78,0.0,3.267333333333333,2.2087542087542085,0.4830805615256115,104.58744642642348,84.79229409606208,29.14892066546773,-3.743313506249462,11.842669088814787,1.3488601809810377,5.81062180859566,False,1.3737042938647748,1.3737042938647748
UGC06399,18.0,9,0,7.85,4.363333333333333,87.6,68.75555555555556,20.167471670495708,38.85929039496219,32.04521908837465,25.86,44.26,0.0,4.966666666666666,1.956653992395437,0.4435992054219428,78.61315538763216,60.78035245546104,17.034214055431917,1.8007655935763969,11.620489852356894,1.419435536226552,0.6579931415183127,False,1.4383970189369997,1.4383970189369997
UGC06446,12.0,17,0,10.22,5.28764705882353,84.9,72.96470588235293,13.610114801628045,38.55210629784059,30.298803261376587,34.49,32.15,0.0,4.999999999999999,1.6820652173913044,0.454088413402127,76.19614360320344,66.32070933077985,18.62856078367955,-2.4742255287497317,10.79465308886182,0.7338220055153633,0.2146878682580245,False,0.7639368402180893,0.7639368402180893
UGC06614,88.7,13,0,64.59,23.96076923076923,205.0,186.30769230769232,14.182245755681864,209.41135439607854,134.717680157559,61.29,131.65,248.5,14.099999999999998,1.1399253731343284,1.0215188019320904,180.9698550864204,115.84597358746069,-2.8742511527842933,0.10124873097371814,12.481963530685752,2.0,1.3291215856407268,False,1.9879139114475497,1.9879139114475497
UGC06667,18.0,9,0,7.85,4.363333333333333,85.7,67.86666666666667,19.614053918328842,30.250846269154188,20.321267206060018,25.65,24.0,0.0,3.411111111111111,1.9774844720496891,0.3529853707019158,80.36291682113088,64.62811747959086,16.235735271583547,1.9157080782727673,11.504895948993102,1.302355491765381,1.3067435378789527,False,1.2451404057528703,1.2451404057528703
UGC06786,29.3,45,0,34.05,9.712444444444445,229.0,212.37777777777777,16.159330141354374,175.03765914796733,139.00516261088163,35.84,174.58,207.64,7.354000000000001,1.2475822050290135,0.7643565901657962,205.64531584745617,153.11457573783244,40.81624323215667,-1.1058450069755126,12.106807676612124,1.189916475149362,0.89808568103464,False,1.0775271594967628,1.0775271594967628
UGC06787,21.3,71,0,37.19,10.02267605633803,276.0,239.64788732394365,18.629144659588302,271.8109528698209,181.33488978233154,37.79,146.08,323.58,6.886760563380282,1.2727272727272727,0.9848222930065974,238.45354390320978,129.06106150334855,394.28458775832075,1.4516126690947309,12.385395477841612,1.4393286100730034,12.371723236038592,False,1.4295987332797742,1.4295987332797742
UGC06818,18.0,8,0,6.98,3.9274999999999998,74.4,51.587500000000006,19.05042240345342,32.73077680104767,29.658413025077525,20.91,41.42,0.0,5.15625,2.4256526674233827,0.4399297957130063,67.03991833228916,39.92735298742247,9.201517413871708,4.252871933765545,12.083283548500882,2.0,3.802341357744928,False,2.0986613672666703,2.0986613672666703
UGC06917,18.0,11,0,10.47,6.108181818181818,111.0,94.17272727272729,15.565993874123688,56.30344261233055,48.999653244591464,36.86,64.38,0.0,4.163636363636363,1.5169846440204746,0.5072382217327076,95.84232467965289,80.26479844166862,13.041820136190061,3.0534339490710103,11.518275111171114,1.2481814650640044,0.8034895551100408,False,0.9303130628156118,0.9303130628156118
UGC06930,18.0,10,0,16.61,9.507000000000001,109.0,97.56,16.052551199108507,60.56081612726169,52.58289414387524,42.57,67.16,0.0,6.45,1.3852073535699014,0.5556038176812998,93.42994487850241,82.03358070145632,8.396944962415082,-0.22624429270491114,11.168806414432987,0.9994975319136148,0.2773892585120098,False,1.0569942589315549,1.0569942589315549
UGC06973,18.0,9,0,7.85,5.09,180.0,173.77777777777777,3.6141013260645765,259.71684681591216,174.36613201242506,33.19,330.95,134.59,5.688888888888889,1.0408560311284047,1.442871371199512,123.02376591537102,54.919770218906656,0.0,3.8216536167811377,12.04586998107978,1.999999999999986,90.97880090849053,False,1.9876455029372877,1.9876455029372877
UGC06983,18.0,17,0,15.68,8.725294117647058,113.0,101.16470588235295,13.153614630764856,51.904991089489656,47.62254446648279,40.95,63.17,0.0,6.094117647058824,1.374788494077834,0.45933620433176686,100.83973150499757,89.05442324215936,13.916344518500184,0.0,11.197973919670606,0.9269121756078464,0.5967545818684297,False,0.7707844730586759,0.7707844730586759
UGC07089,18.0,12,0,9.16,5.308333333333334,79.1,59.791666666666664,17.447992164015766,42.06218491709626,36.29662145774672,26.4,50.81,0.0,5.191666666666667,2.28798411122145,0.5317596070429363,67.26607614540929,47.27546167815105,11.52090816695507,4.036695396011285,12.016823853179428,2.0,0.3576489556903316,False,1.830796068097726,1.830796068097726
UGC07125,19.8,13,0,18.68,10.076923076923077,65.6,56.73846153846154,11.326723911008557,44.5586372098609,36.376884920797515,39.0,39.71,0.0,2.616153846153846,1.662414965986395,0.6792475184430016,51.904911135652654,43.32756613492549,6.111109696502385,-0.11737086446693322,10.634423811504336,1.1584137934208616,0.8534600299691477,False,1.1819154814895176,1.1819154814895176
UGC07151,6.87,11,0,5.5,2.998181818181818,76.2,62.30909090909092,14.980196293498144,44.10468002377979,36.16631234272787,28.3,49.56,0.0,2.6045454545454545,1.7730891719745223,0.5788015751152203,62.138693259514234,50.660442394375536,26.466649022233987,3.2666644888903447,10.793550433331887,0.8583746473618075,2.923762577387243,False,0.8873627342594383,0.8873627342594383
UGC07323,8.0,10,0,5.82,3.2010000000000005,85.6,60.1,20.410585488907465,51.74376145971608,38.366344646931196,28.72,61.82,0.0,3.8699999999999997,2.444773175542406,0.6044831946228515,68.19049163923076,46.17299052411136,15.657133910209193,5.828568097961081,12.32084539387816,2.0,0.8304800668240138,False,2.0109679317955678,2.0109679317955678
UGC07399,8.43,10,0,6.13,3.373,106.0,88.32000000000001,16.796535357031225,33.86713008213126,31.053139853033212,25.55,39.0,0.0,3.379,1.5342601787487586,0.3195012271899176,100.50445885631144,82.59793061118054,22.717378957946213,4.972674878319736,11.13955948609384,0.7674978629347036,1.0135291073126116,False,0.8613258440785603,0.8613258440785603
UGC07524,4.74,31,0,10.69,5.516129032258065,83.8,62.73870967741935,18.973881494839926,43.92339809258842,29.872522315771022,34.56,38.96,0.0,3.4903225806451617,3.6044117647058824,0.5241455619640624,71.3664844307186,55.06919082951068,17.961147610536305,-2.135920256388105,11.233222907507344,1.2964192402979462,0.806917323195804,False,1.5618931333569592,1.5618931333569592
UGC07577,2.59,9,0,1.69,0.9422222222222223,17.8,10.68888888888889,4.5134993678087385,12.603576873253084,8.764812311268308,9.12,13.06,0.0,3.17,2.9057750759878416,0.7080661164748924,12.775646754665694,5.650592444378395,9.124983705386239,9.642839923500135,10.226207579231248,1.999999999999987,0.1960722639190277,False,1.8739320046489985,1.8739320046489985
UGC07603,4.7,12,0,4.11,2.2225,64.0,52.71666666666667,13.561024625333031,27.54810610550206,23.337460867383882,17.87,31.98,0.0,2.89,2.0053191489361706,0.4304391578984697,59.855351473364514,46.9359815643339,30.097058158195964,2.427182109531932,10.97400411241534,0.9774206789816976,1.5146242227057136,False,0.880485936745355,0.880485936745355
UGC07608,8.21,8,0,4.78,2.6875,69.3,49.225,17.348685108676104,26.720183382604244,17.862588494952263,24.12,16.97,0.0,6.69,2.1639163916391637,0.38557263178361106,63.941549871738324,45.80644165784051,20.224707738928238,7.65362700914692,12.408923021399632,1.9999999999999944,0.4624418593105783,False,1.9290688847158575,1.9290688847158575
UGC08286,6.5,17,0,8.04,4.256470588235295,84.3,72.7764705882353,16.234948845433447,35.34250344839766,29.23187578629363,26.3,40.32,0.0,2.216470588235294,2.0000000000000004,0.4192467787473032,77.70664836421656,66.62205463349459,33.14682996725177,0.7746473417976432,10.808718020826117,0.7033094319403802,2.45201927615622,False,0.7473455854818776,0.7473455854818776
UGC08490,4.65,30,0,10.15,5.2426666666666675,80.1,75.15666666666667,9.237917634522521,35.70913748608331,31.101317022789143,25.04,46.26,0.0,3.6899999999999995,1.554661301140174,0.4458069598761961,74.46323723825066,68.24315369696185,28.82350115343025,0.3921564782779543,10.60985680153154,0.5033343406362389,0.1124257456787898,False,0.46784675728188246,0.46784675728188246
UGC08550,6.7,11,0,5.36,2.924545454545455,57.8,49.78181818181818,9.018749982102253,24.636843344876795,20.91853599665832,22.04,28.91,0.0,2.1236363636363635,1.4943722943722944,0.4262429644442352,53.41463189052228,45.111636609394914,16.575331112786913,1.6326519505769033,10.398453876827071,0.6447108881231127,0.7636141222000065,False,0.7531645342919762,0.7531645342919762
UGC08699,39.3,41,0,25.7,7.779268292682927,202.0,184.17073170731706,9.91648649183032,214.72662089270625,137.20444519520348,39.12,141.3,250.59,7.649512195121951,1.0963855421686748,1.0630030737262686,165.40539389632974,113.06134591984163,55.38453017764588,0.45180716087241546,11.717754921879449,1.0558009416364995,0.9707361267479644,False,1.1411616760563268,1.1411616760563268
UGC08837,7.21,8,0,4.2,2.36125,48.0,30.488749999999996,14.279990754111154,29.322014767065376,20.180537854722054,22.95,27.83,0.0,2.5387500000000003,3.2067117222092754,0.6108753076471953,38.002887390302334,22.539071517203894,13.24202978214664,8.089166822186739,11.48570967866228,1.99999999998228,4.365679544922976,False,2.0947512176519325,2.0947512176519325
UGC09037,83.6,22,0,27.96,15.19818181818182,160.0,137.92727272727274,24.51304257325775,116.332049109435,108.18040821877344,66.58,157.64,0.0,7.230909090909091,1.721056721056721,0.7270753069339688,119.60784401534876,81.7698867968012,15.8356120998323,-0.5434781131852954,12.223207546639184,1.9999999999997848,7.538624455827085,False,1.9009213268974616,1.9009213268974616
UGC09133,57.1,68,0,108.31,30.110588235294117,289.0,264.1764705882353,23.631945711927482,283.2049890097277,196.12166038965847,54.96,245.9,326.59,6.053382352941178,0.8028335301062574,0.9799480588571892,234.66903389667758,154.04646214911034,-4.255314622005721,0.413467193534129,12.233360470133984,1.4318151681138591,5.61852884785422,False,1.4117770310774083,1.4117770310774083
UGC11455,78.6,36,0,41.93,15.364722222222222,291.0,228.2444444444444,68.52761586252997,232.14569261565032,178.89467589943905,55.9,326.62,0.0,7.7555555555555555,4.516129032258065,0.7977515210159805,221.50570071670842,137.27545056468608,42.1080853469809,-0.9374998535156481,12.841631364770253,1.9999999999999905,5.054565413926552,False,1.9478197201857126,1.9478197201857126
UGC11557,24.2,12,0,10.56,4.565,85.0,57.31666666666666,26.244232170559346,71.11173391220328,55.07802715821277,35.45,93.96,0.0,7.875000000000001,4.497237569060774,0.836608634261215,53.848142957765965,21.274709190259106,19.56936862709635,-0.10822508479976518,11.362643629060392,1.999999999999976,1.518432766498865,False,2.081445757655999,2.081445757655999
UGC11820,18.1,10,0,15.82,5.576,84.45,51.205000000000005,25.060511267729556,38.77460509147708,23.460396738232866,35.7,26.68,0.0,3.4590000000000005,3.9975288303130143,0.4591427482708949,75.73589241568361,45.46392552845235,37.358420078452674,1.9342601853021253,11.170073131240722,1.306083977563368,0.9501389791885032,False,1.5382980647403723,1.5382980647403723
UGC11914,16.9,65,0,9.83,3.726,305.0,279.5230769230769,24.949245521077504,244.42281843150408,228.76486422609847,31.2,250.34,253.93,9.765076923076924,1.592128801431127,0.8013862899393577,236.87651325110306,157.89337385291662,178.57079081860422,6.872849871872895,11.601828110810516,0.5853141440777333,4.29647004600977,False,0.5943833278518877,0.5943833278518877
UGC12506,100.6,31,0,49.99,25.40645161290323,255.0,228.8709677419355,29.604644290712304,134.5470664860442,113.25327561260258,82.59,176.17,0.0,14.448387096774194,1.4804347826086957,0.5276355548472321,220.3712863555504,198.5543182602672,18.495931200013985,-1.6293275704017156,12.018524127115912,1.012500891103541,0.1675618420095334,False,1.1067532805483198,1.1067532805483198
UGC12632,9.77,15,0,10.66,5.6866666666666665,73.2,60.186666666666675,14.593051619025937,36.658348980825636,26.451738812012504,31.41,30.76,0.0,3.560666666666667,2.1395121951219513,0.5007971172243939,64.2540975347098,53.990332368643614,14.15887188837762,0.7943921521531944,10.76947354248508,0.93025552363264,0.3406089174761842,False,1.2599050597262518,1.2599050597262518
UGC12732,13.2,16,0,15.4,8.1625,98.0,75.75,16.41409455315766,46.2903494262033,31.852995184082364,43.4,35.24,0.0,3.626875,1.9798050139275765,0.47235050434901327,86.37825854924374,68.67777583761159,10.798607361594664,3.4827574197388182,11.172606370348932,1.1554270280041077,0.2087057733824034,False,1.2362077140599232,1.2362077140599232
UGCA442,4.35,8,0,6.33,3.375,57.8,44.7875,14.88005691353363,24.487327334766444,19.22456308012602,22.82,13.6,0.0,2.25,2.0369928400954653,0.42365618226239526,54.01431569500811,40.28691183952731,13.700782007566136,0.6692910750822549,11.48759828639822,1.5750918534380531,1.5339009769615464,False,1.4172550218125368,1.4172550218125368
UGCA444,0.98,36,0,2.62,1.3663888888888887,38.3,26.235555555555557,8.820954988751517,16.184932808016224,12.551293148114727,15.74,5.5,0.0,3.9086111111111106,4.410601265822784,0.4225831020369772,35.530165352837855,22.94180417374675,24.85702449035956,4.999977272830548,11.91847882024228,1.9999999999999996,0.0628087908584867,False,1.9257748582103293,1.9257748582103293
